target_deg,actual_deg,error_deg,vq_V,elec_deg
0.0,359.11,-0.887,0.1153,335.2
1.0,0.53,-0.473,0.1569,346.7
2.0,1.67,-0.33,0.233,354.7
3.0,2.55,-0.451,0.307,0.8
4.0,3.4,-0.596,0.326,6.8
5.0,4.57,-0.43,0.3431,15.0
6.0,5.54,-0.463,0.4313,21.8
7.0,6.5,-0.496,0.5129,28.5
8.0,6.68,-1.32,0.4125,30.2
9.0,5.98,-3.023,0.538,24.8
10.0,5.25,-4.749,0.56,18.0
11.0,10.81,-0.189,0.0434,58.7
12.0,13.71,1.71,-0.4642,72.1
13.0,13.45,0.447,-0.2391,77.1
14.0,13.8,-0.201,-0.1642,79.6
15.0,14.68,-0.322,0.0039,85.8
16.0,16.35,0.348,-0.0269,97.4
17.0,16.96,-0.037,0.0042,101.7
18.0,17.58,-0.422,0.0587,106.1
19.0,20.13,1.127,-0.495,123.9
20.0,20.48,0.479,-0.4406,126.4
21.0,23.18,2.175,-0.385,140.8
22.0,22.13,0.127,-0.2116,148.8
23.0,23.12,0.115,-0.1768,144.8
24.0,23.55,-0.445,-0.094,147.9
25.0,24.61,-0.391,-0.0296,155.3
26.0,25.84,-0.16,-0.0493,163.9
27.0,26.54,-0.457,0.0206,168.8
28.0,27.6,-0.402,0.1247,176.2
29.0,28.92,-0.084,0.0774,185.4
30.0,29.62,-0.381,0.1251,190.3
31.0,30.59,-0.414,0.1961,197.1
32.0,31.66,-0.34,0.3665,202.9
33.0,34.63,1.629,-0.0207,225.4
34.0,34.45,0.453,-0.0266,224.2
35.0,34.72,-0.283,0.0573,226.0
36.0,35.51,-0.492,0.1225,231.6
37.0,37.44,0.441,-0.0378,245.1
38.0,38.46,0.461,-0.1091,251.9
39.0,38.85,-0.152,-0.0433,254.9
40.0,38.68,-1.316,0.3525,259.8
41.0,40.52,-0.482,0.2493,266.6
42.0,42.45,0.451,0.0093,280.2
43.0,42.8,-0.197,0.0816,282.6
44.0,44.47,0.473,-0.0389,294.3
45.0,44.82,-0.176,0.0332,296.8
46.0,46.67,0.67,-0.2842,309.7
47.0,46.93,-0.066,-0.2066,311.5
48.0,47.55,-0.451,-0.152,315.8
49.0,48.52,-0.484,-0.097,322.6
50.0,49.57,-0.43,-0.0852,330.0
51.0,51.06,0.064,-0.1425,340.5
52.0,51.68,-0.32,-0.0916,344.8
53.0,52.65,-0.354,-0.03,351.5
54.0,54.32,0.316,0.0213,3.2
55.0,55.11,0.107,0.04,8.8
56.0,55.63,-0.365,0.1029,12.5
57.0,57.04,0.041,0.1126,22.3
58.0,57.57,-0.432,0.1938,26.0
59.0,59.77,0.766,-0.062,41.4
60.0,60.29,0.293,-0.021,45.1
61.0,60.91,-0.092,0.0207,49.4
62.0,62.23,0.227,-0.0141,58.6
63.0,62.75,-0.246,0.0414,62.3
64.0,63.9,-0.104,-0.0327,70.3
65.0,64.51,-0.488,0.0489,74.6
66.0,65.57,-0.434,0.1278,82.0
67.0,66.27,-0.73,0.4208,86.9
68.0,68.99,0.994,0.1108,105.6
69.0,69.26,0.258,0.1799,107.8
70.0,69.79,-0.215,0.1387,111.5
71.0,69.7,-1.303,0.2197,110.9
72.0,73.12,1.125,-0.3172,134.9
73.0,73.39,0.389,-0.2518,136.7
74.0,73.92,-0.084,-0.2014,140.4
75.0,74.97,-0.029,-0.115,147.8
76.0,75.59,-0.414,-0.0305,152.1
77.0,76.55,-0.447,0.0514,158.9
78.0,78.13,0.135,-0.0115,170.0
79.0,78.66,-0.338,0.0468,173.6
80.0,80.24,0.244,-0.0193,184.7
81.0,80.95,-0.053,0.0123,189.6
82.0,82.15,0.148,0.0708,198.0
83.0,82.53,-0.471,0.2659,200.7
84.0,82.79,-1.207,0.1838,202.6
85.0,81.74,-3.26,0.2201,195.8
86.0,86.22,0.221,-0.1653,226.6
87.0,86.92,-0.076,-0.1314,231.5
88.0,87.71,-0.285,-0.2153,237.0
89.0,88.95,-0.055,-0.2382,245.6
90.0,89.56,-0.439,-0.169,249.9
91.0,90.53,-0.473,-0.1094,256.7
92.0,91.14,-0.857,0.1306,261.0
93.0,92.55,-0.451,0.241,270.8
94.0,94.39,0.395,0.0368,283.8
95.0,94.83,-0.166,0.1,286.8
96.0,95.54,-0.463,0.1827,291.8
97.0,97.56,0.559,-0.1976,305.9
98.0,97.91,-0.09,-0.1285,308.4
99.0,98.7,-0.299,-0.0971,313.9
100.0,99.58,-0.42,-0.0528,320.1
101.0,100.46,-0.541,0.1821,326.2
102.0,102.48,0.48,-0.1014,340.4
103.0,102.83,-0.168,-0.0292,342.8
104.0,103.54,-0.465,0.0298,347.8
105.0,104.77,-0.234,0.0655,356.4
106.0,106.44,0.436,0.0177,8.1
107.0,107.38,0.379,-0.0349,15.0
108.0,107.93,-0.07,0.101,18.5
109.0,111.53,2.533,-0.1206,43.7
110.0,107.75,-2.246,0.2592,17.3
111.0,111.45,0.445,-0.1657,43.1
112.0,111.8,-0.203,-0.0932,45.6
113.0,112.93,-0.071,-0.2119,52.4
114.0,114.43,0.434,-0.3784,64.0
115.0,114.79,-0.215,-0.3036,66.5
116.0,116.19,0.191,-0.3489,76.3
117.0,116.08,-0.92,-0.2388,71.2
118.0,116.98,-1.018,0.0162,81.9
119.0,118.65,-0.348,0.1141,93.6
120.0,119.97,-0.029,0.0812,102.8
121.0,120.59,-0.414,0.1625,107.1
122.0,121.49,-0.505,0.0657,108.3
123.0,121.35,-1.646,-0.0011,115.2
124.0,124.37,0.365,-0.0669,133.6
125.0,124.63,-0.371,0.0197,135.4
126.0,125.6,-0.404,0.0965,142.2
127.0,127.54,0.541,0.0807,154.7
128.0,128.32,0.32,0.1239,161.2
129.0,128.76,-0.24,0.1891,164.3
130.0,130.17,0.166,0.1879,174.2
131.0,130.61,-0.395,0.2575,177.2
132.0,132.45,0.451,0.0361,190.2
133.0,132.8,-0.197,0.109,192.6
134.0,133.51,-0.494,0.2982,197.5
135.0,134.65,-0.352,0.377,205.5
136.0,136.85,0.846,-0.2264,220.9
137.0,137.11,0.109,-0.1535,222.8
138.0,138.25,0.252,-0.1729,230.8
139.0,138.78,-0.221,-0.1162,234.5
140.0,138.78,-1.221,-0.1175,234.5
141.0,141.06,0.064,-0.2585,250.5
142.0,141.59,-0.408,-0.1948,254.2
143.0,142.73,-0.266,-0.1349,262.1
144.0,143.35,-0.65,0.0507,266.5
145.0,144.67,-0.332,0.151,275.7
146.0,146.43,0.426,-0.2057,288.0
147.0,146.78,-0.223,-0.1329,290.4
148.0,147.57,-0.432,-0.0808,296.0
149.0,149.41,0.414,-0.3347,308.9
150.0,149.77,-0.234,-0.2618,311.4
151.0,150.91,-0.092,-0.2052,319.4
152.0,151.52,-0.477,-0.1049,323.7
153.0,152.49,-0.51,0.1426,330.4
154.0,154.42,0.424,0.0182,344.0
155.0,153.71,-1.295,0.4014,338.5
156.0,155.57,-0.434,0.2827,352.0
157.0,156.8,-0.203,0.2785,0.6
158.0,158.29,0.291,0.2436,11.0
159.0,158.82,-0.182,0.2991,14.7
160.0,159.61,-0.391,0.358,20.3
161.0,164.0,3.004,-0.1537,51.0
162.0,159.35,-2.653,0.2458,20.1
163.0,163.56,0.564,-0.1175,48.0
164.0,164.09,0.092,-0.0711,51.7
165.0,164.09,-0.908,-0.0999,51.7
166.0,166.46,0.465,-0.3284,68.3
167.0,166.82,-0.184,-0.2565,70.7
168.0,168.22,0.223,-0.2199,80.6
169.0,168.57,-0.426,-0.1341,83.0
170.0,169.28,-0.723,0.1818,87.9
171.0,171.56,0.562,-0.1451,103.9
172.0,171.83,-0.174,-0.0648,105.8
173.0,172.53,-0.471,-0.0013,110.7
174.0,172.79,-1.207,0.0328,112.6
175.0,176.34,1.344,-0.5009,138.8
176.0,176.13,0.133,-0.3377,135.9
177.0,176.66,-0.34,-0.2786,139.6
178.0,177.89,-0.109,-0.1878,148.2
179.0,178.51,-0.494,-0.1035,152.5
180.0,179.65,-0.352,0.0244,160.5
181.0,180.53,-0.473,0.1413,166.7
182.0,182.1,0.098,0.1607,174.8
183.0,183.34,0.34,0.1593,186.4
184.0,183.6,-0.396,0.2534,188.2
185.0,184.57,-0.43,0.3158,195.0
186.0,185.45,-0.551,0.5126,201.2
187.0,188.53,1.525,0.0459,222.7
188.0,188.35,0.35,0.0266,221.5
189.0,188.88,-0.123,0.0786,225.1
190.0,186.33,-3.672,0.5541,207.3
191.0,192.39,1.393,-0.3222,249.8
192.0,192.48,0.48,-0.3175,250.4
193.0,192.83,-0.168,-0.2463,252.8
194.0,193.54,-0.465,-0.1992,257.8
195.0,194.24,-0.762,0.0895,262.7
196.0,194.81,-1.186,0.1944,266.5
197.0,197.49,0.49,-0.1252,285.4
198.0,197.84,-0.158,-0.0544,287.9
199.0,198.81,-0.191,-0.0281,294.7
200.0,199.51,-0.488,0.0253,299.6
201.0,201.53,0.533,-0.2662,313.7
202.0,201.8,-0.203,-0.1849,315.6
203.0,202.59,-0.412,-0.108,321.1
204.0,203.55,-0.445,-0.0661,327.9
205.0,204.61,-0.391,-0.0413,335.3
206.0,205.75,-0.248,-0.0479,343.3
207.0,206.54,-0.457,0.0465,348.8
208.0,207.69,-0.314,0.0438,356.8
209.0,208.74,-0.26,0.0516,4.2
210.0,208.77,-1.23,0.2959,13.8
211.0,210.59,-0.414,0.2049,17.1
212.0,211.29,-0.711,0.4522,22.0
213.0,214.54,1.541,0.015,44.8
214.0,214.45,0.453,-0.0046,44.2
215.0,214.8,-0.195,0.0679,46.6
216.0,215.68,-0.316,0.0924,52.8
217.0,217.27,0.266,-0.0099,63.9
218.0,218.41,0.408,-0.1035,71.9
219.0,218.85,-0.152,-0.0414,74.9
220.0,219.46,-0.537,0.1858,79.2
221.0,220.52,-0.482,0.2495,86.6
222.0,222.63,0.627,-0.1189,101.4
223.0,222.98,-0.021,-0.0517,103.9
224.0,223.68,-0.318,-0.0119,108.8
225.0,224.38,-0.615,-0.0434,113.7
226.0,226.51,0.506,-0.3197,128.5
227.0,226.93,-0.066,-0.2642,131.5
228.0,227.55,-0.451,-0.2011,135.8
229.0,228.52,-0.484,-0.1412,142.6
230.0,229.66,-0.342,-0.0915,150.6
231.0,231.33,0.328,-0.2241,162.3
232.0,231.77,-0.232,-0.1602,165.4
233.0,232.82,-0.178,-0.0561,172.8
234.0,233.35,-0.65,0.1892,176.5
235.0,235.28,0.283,0.0833,190.0
236.0,235.72,-0.277,0.1488,193.1
237.0,236.43,-0.574,0.1931,198.0
238.0,237.57,-0.432,0.3038,206.0
239.0,239.85,0.854,-0.1068,222.0
240.0,240.21,0.205,-0.0453,224.4
241.0,240.91,-0.092,-0.0129,229.4
242.0,241.52,-0.477,0.0735,233.7
243.0,243.46,0.457,-0.1197,247.2
244.0,243.72,-0.279,-0.0366,249.1
245.0,244.6,-0.4,-0.0061,255.2
246.0,245.57,-0.434,0.0585,262.0
247.0,246.27,-0.73,0.3474,266.9
248.0,249.51,1.511,-0.0285,290.5
249.0,249.35,0.346,0.1122,288.4
250.0,249.79,-0.215,0.1753,291.5
251.0,249.79,-1.215,0.1628,291.5
252.0,253.12,1.125,-0.3587,314.9
253.0,253.39,0.389,-0.2934,316.7
254.0,253.92,-0.084,-0.2429,320.4
255.0,254.97,-0.029,-0.162,327.8
256.0,255.59,-0.414,-0.0764,332.1
257.0,256.55,-0.447,-0.0203,338.9
258.0,257.52,-0.48,0.0705,345.6
259.0,258.57,-0.426,0.1155,353.0
260.0,260.42,0.42,-0.0202,5.9
261.0,260.77,-0.229,0.0527,8.9
262.0,262.27,0.266,0.0232,18.9
263.0,262.62,-0.383,0.1012,21.3
264.0,265.96,1.957,-0.2252,44.7
265.0,262.62,-2.383,0.2571,21.3
266.0,266.4,0.396,-0.174,47.8
267.0,266.92,-0.076,-0.1219,51.5
268.0,267.71,-0.285,-0.0931,57.0
269.0,269.3,0.297,-0.2292,68.1
270.0,269.82,-0.176,-0.176,71.8
271.0,270.62,-0.385,-0.144,77.3
272.0,271.23,-0.77,0.08,81.6
273.0,272.55,-0.451,0.1957,90.8
274.0,273.87,-0.133,0.1714,100.1
275.0,275.1,0.098,0.1456,108.7
276.0,274.84,-1.162,0.349,109.9
277.0,276.33,-0.672,0.1695,117.3
